<?xml version="1.0" encoding="UTF-8"?>
<metadata xml:lang="en"><Esri><CreaDate>20190206</CreaDate><CreaTime>11351500</CreaTime><ArcGISFormat>1.0</ArcGISFormat><SyncOnce>TRUE</SyncOnce><DataProperties><itemProps><itemLocation><linkage Sync="TRUE">file://\\UTILISATEUR-PC\E$\EcoLab\Couches\Global\basins_to_oceans</linkage><protocol Sync="TRUE">Local Area Network</protocol></itemLocation></itemProps><copyHistory><copy source="E:\EcoLab\Papiers\Papier Global carbon\GRDC\Export_DayMonth\basins_to_oceans" dest="\\UTILISATEUR-PC\E$\EcoLab\Couches\Global\basins_to_oceans" date="20190206" time="11351500"></copy></copyHistory><lineage><Process ToolSource="c:\program files (x86)\arcgis\desktop10.4\ArcToolbox\Toolboxes\Data Management Tools.tbx\CalculateField" Date="20190402" Time="004320">CalculateField basins_to_oceans GRDC [data_Q] VB #</Process><Process ToolSource="c:\program files (x86)\arcgis\desktop10.4\ArcToolbox\Toolboxes\Data Management Tools.tbx\Append" Date="20190503" Time="113118">Append Aqueduct_river_basins_ALAZEYA;Aqueduct_river_basins_BAKER;'Aqueduct_river_basins_BATANG KUANTAN';'Aqueduct_river_basins_BRAHMANI RIVER (BHAHMANI)';Aqueduct_river_basins_BRANTAS;Aqueduct_river_basins_CANETE;Aqueduct_river_basins_CONCEPTION;Aqueduct_river_basins_COPPENAME;'Aqueduct_river_basins_DAMODAR RIVER';Aqueduct_river_basins_DORING;Aqueduct_river_basins_DRA;'Aqueduct_river_basins_EEL RIVER (CALIF.)';'Aqueduct_river_basins_FUCHUN JIANG';Aqueduct_river_basins_GALANA;'Aqueduct_river_basins_GILBERT RIVER';'Aqueduct_river_basins_GROOT- KEI';Aqueduct_river_basins_GROOT-VIS;'Aqueduct_river_basins_HORNADAY RIVER';Aqueduct_river_basins_HUASCO;Aqueduct_river_basins_KEM;Aqueduct_river_basins_KINABATANGAN;Aqueduct_river_basins_KOUILOU;Aqueduct_river_basins_KOVDA;'Aqueduct_river_basins_LEICHHARDT RIVER';Aqueduct_river_basins_LEMPA;Aqueduct_river_basins_LIMARI;Aqueduct_river_basins_LOA;'Aqueduct_river_basins_MACARTHUR RIVER';'Aqueduct_river_basins_MAHI RIVER';Aqueduct_river_basins_MAJES;Aqueduct_river_basins_MESSALO;Aqueduct_river_basins_MIRA;Aqueduct_river_basins_MUCURI;'Aqueduct_river_basins_NIZHNY VYG (SOROKA)';Aqueduct_river_basins_NTEM;Aqueduct_river_basins_NYONG;Aqueduct_river_basins_OCONA;Aqueduct_river_basins_OMOLOY;Aqueduct_river_basins_ONEGA;Aqueduct_river_basins_PALENA;Aqueduct_river_basins_PALYAVAAM;Aqueduct_river_basins_PATACUA;Aqueduct_river_basins_POPIGAY;Aqueduct_river_basins_PRA;Aqueduct_river_basins_PURARI;Aqueduct_river_basins_RAPEL;'Aqueduct_river_basins_RIO ACARAU';'Aqueduct_river_basins_RIO RIBEIRA DO IGUAPE';'Aqueduct_river_basins_RIO VAZA-BARRIS';'Aqueduct_river_basins_RUPERT RIVER';Aqueduct_river_basins_RUVU;Aqueduct_river_basins_SALINAS;Aqueduct_river_basins_SANTA;'Aqueduct_river_basins_SOUTH ESK RIVER';Aqueduct_river_basins_SURINAME;Aqueduct_river_basins_TANO;'Aqueduct_river_basins_TRANH (NR THU BON)';Aqueduct_river_basins_TUGELA;Aqueduct_river_basins_ULUA;Aqueduct_river_basins_UWIMBU basins_to_oceans NO_TEST "OBJECTID "OBJECTID" true false false 10 Long 0 10 ,First,#,Aqueduct_river_basins_ALAZEYA,OBJECTID,-1,-1,Aqueduct_river_basins_BAKER,OBJECTID,-1,-1,Aqueduct_river_basins_BATANG KUANTAN,OBJECTID,-1,-1,Aqueduct_river_basins_BRAHMANI RIVER (BHAHMANI),OBJECTID,-1,-1,Aqueduct_river_basins_BRANTAS,OBJECTID,-1,-1,Aqueduct_river_basins_CANETE,OBJECTID,-1,-1,Aqueduct_river_basins_CONCEPTION,OBJECTID,-1,-1,Aqueduct_river_basins_COPPENAME,OBJECTID,-1,-1,Aqueduct_river_basins_DAMODAR RIVER,OBJECTID,-1,-1,Aqueduct_river_basins_DORING,OBJECTID,-1,-1,Aqueduct_river_basins_DRA,OBJECTID,-1,-1,Aqueduct_river_basins_EEL RIVER (CALIF.),OBJECTID,-1,-1,Aqueduct_river_basins_FUCHUN JIANG,OBJECTID,-1,-1,Aqueduct_river_basins_GALANA,OBJECTID,-1,-1,Aqueduct_river_basins_GILBERT RIVER,OBJECTID,-1,-1,Aqueduct_river_basins_GROOT- KEI,OBJECTID,-1,-1,Aqueduct_river_basins_GROOT-VIS,OBJECTID,-1,-1,Aqueduct_river_basins_HORNADAY RIVER,OBJECTID,-1,-1,Aqueduct_river_basins_HUASCO,OBJECTID,-1,-1,Aqueduct_river_basins_KEM,OBJECTID,-1,-1,Aqueduct_river_basins_KINABATANGAN,OBJECTID,-1,-1,Aqueduct_river_basins_KOUILOU,OBJECTID,-1,-1,Aqueduct_river_basins_KOVDA,OBJECTID,-1,-1,Aqueduct_river_basins_LEICHHARDT RIVER,OBJECTID,-1,-1,Aqueduct_river_basins_LEMPA,OBJECTID,-1,-1,Aqueduct_river_basins_LIMARI,OBJECTID,-1,-1,Aqueduct_river_basins_LOA,OBJECTID,-1,-1,Aqueduct_river_basins_MACARTHUR RIVER,OBJECTID,-1,-1,Aqueduct_river_basins_MAHI RIVER,OBJECTID,-1,-1,Aqueduct_river_basins_MAJES,OBJECTID,-1,-1,Aqueduct_river_basins_MESSALO,OBJECTID,-1,-1,Aqueduct_river_basins_MIRA,OBJECTID,-1,-1,Aqueduct_river_basins_MUCURI,OBJECTID,-1,-1,Aqueduct_river_basins_NIZHNY VYG (SOROKA),OBJECTID,-1,-1,Aqueduct_river_basins_NTEM,OBJECTID,-1,-1,Aqueduct_river_basins_NYONG,OBJECTID,-1,-1,Aqueduct_river_basins_OCONA,OBJECTID,-1,-1,Aqueduct_river_basins_OMOLOY,OBJECTID,-1,-1,Aqueduct_river_basins_ONEGA,OBJECTID,-1,-1,Aqueduct_river_basins_PALENA,OBJECTID,-1,-1,Aqueduct_river_basins_PALYAVAAM,OBJECTID,-1,-1,Aqueduct_river_basins_PATACUA,OBJECTID,-1,-1,Aqueduct_river_basins_POPIGAY,OBJECTID,-1,-1,Aqueduct_river_basins_PRA,OBJECTID,-1,-1,Aqueduct_river_basins_PURARI,OBJECTID,-1,-1,Aqueduct_river_basins_RAPEL,OBJECTID,-1,-1,Aqueduct_river_basins_RIO ACARAU,OBJECTID,-1,-1,Aqueduct_river_basins_RIO RIBEIRA DO IGUAPE,OBJECTID,-1,-1,Aqueduct_river_basins_RIO VAZA-BARRIS,OBJECTID,-1,-1,Aqueduct_river_basins_RUPERT RIVER,OBJECTID,-1,-1,Aqueduct_river_basins_RUVU,OBJECTID,-1,-1,Aqueduct_river_basins_SALINAS,OBJECTID,-1,-1,Aqueduct_river_basins_SANTA,OBJECTID,-1,-1,Aqueduct_river_basins_SOUTH ESK RIVER,OBJECTID,-1,-1,Aqueduct_river_basins_SURINAME,OBJECTID,-1,-1,Aqueduct_river_basins_TANO,OBJECTID,-1,-1,Aqueduct_river_basins_TRANH (NR THU BON),OBJECTID,-1,-1,Aqueduct_river_basins_TUGELA,OBJECTID,-1,-1,Aqueduct_river_basins_ULUA,OBJECTID,-1,-1,Aqueduct_river_basins_UWIMBU,OBJECTID,-1,-1;wribasin_u "wribasin_u" true false false 22 Text 0 0 ,First,#;Shape_Leng "Shape_Leng" true false false 19 Double 0 0 ,First,#,Aqueduct_river_basins_ALAZEYA,Shape_Leng,-1,-1,Aqueduct_river_basins_BAKER,Shape_Leng,-1,-1,Aqueduct_river_basins_BATANG KUANTAN,Shape_Leng,-1,-1,Aqueduct_river_basins_BRAHMANI RIVER (BHAHMANI),Shape_Leng,-1,-1,Aqueduct_river_basins_BRANTAS,Shape_Leng,-1,-1,Aqueduct_river_basins_CANETE,Shape_Leng,-1,-1,Aqueduct_river_basins_CONCEPTION,Shape_Leng,-1,-1,Aqueduct_river_basins_COPPENAME,Shape_Leng,-1,-1,Aqueduct_river_basins_DAMODAR RIVER,Shape_Leng,-1,-1,Aqueduct_river_basins_DORING,Shape_Leng,-1,-1,Aqueduct_river_basins_DRA,Shape_Leng,-1,-1,Aqueduct_river_basins_EEL RIVER (CALIF.),Shape_Leng,-1,-1,Aqueduct_river_basins_FUCHUN JIANG,Shape_Leng,-1,-1,Aqueduct_river_basins_GALANA,Shape_Leng,-1,-1,Aqueduct_river_basins_GILBERT RIVER,Shape_Leng,-1,-1,Aqueduct_river_basins_GROOT- KEI,Shape_Leng,-1,-1,Aqueduct_river_basins_GROOT-VIS,Shape_Leng,-1,-1,Aqueduct_river_basins_HORNADAY RIVER,Shape_Leng,-1,-1,Aqueduct_river_basins_HUASCO,Shape_Leng,-1,-1,Aqueduct_river_basins_KEM,Shape_Leng,-1,-1,Aqueduct_river_basins_KINABATANGAN,Shape_Leng,-1,-1,Aqueduct_river_basins_KOUILOU,Shape_Leng,-1,-1,Aqueduct_river_basins_KOVDA,Shape_Leng,-1,-1,Aqueduct_river_basins_LEICHHARDT RIVER,Shape_Leng,-1,-1,Aqueduct_river_basins_LEMPA,Shape_Leng,-1,-1,Aqueduct_river_basins_LIMARI,Shape_Leng,-1,-1,Aqueduct_river_basins_LOA,Shape_Leng,-1,-1,Aqueduct_river_basins_MACARTHUR RIVER,Shape_Leng,-1,-1,Aqueduct_river_basins_MAHI RIVER,Shape_Leng,-1,-1,Aqueduct_river_basins_MAJES,Shape_Leng,-1,-1,Aqueduct_river_basins_MESSALO,Shape_Leng,-1,-1,Aqueduct_river_basins_MIRA,Shape_Leng,-1,-1,Aqueduct_river_basins_MUCURI,Shape_Leng,-1,-1,Aqueduct_river_basins_NIZHNY VYG (SOROKA),Shape_Leng,-1,-1,Aqueduct_river_basins_NTEM,Shape_Leng,-1,-1,Aqueduct_river_basins_NYONG,Shape_Leng,-1,-1,Aqueduct_river_basins_OCONA,Shape_Leng,-1,-1,Aqueduct_river_basins_OMOLOY,Shape_Leng,-1,-1,Aqueduct_river_basins_ONEGA,Shape_Leng,-1,-1,Aqueduct_river_basins_PALENA,Shape_Leng,-1,-1,Aqueduct_river_basins_PALYAVAAM,Shape_Leng,-1,-1,Aqueduct_river_basins_PATACUA,Shape_Leng,-1,-1,Aqueduct_river_basins_POPIGAY,Shape_Leng,-1,-1,Aqueduct_river_basins_PRA,Shape_Leng,-1,-1,Aqueduct_river_basins_PURARI,Shape_Leng,-1,-1,Aqueduct_river_basins_RAPEL,Shape_Leng,-1,-1,Aqueduct_river_basins_RIO ACARAU,Shape_Leng,-1,-1,Aqueduct_river_basins_RIO RIBEIRA DO IGUAPE,Shape_Leng,-1,-1,Aqueduct_river_basins_RIO VAZA-BARRIS,Shape_Leng,-1,-1,Aqueduct_river_basins_RUPERT RIVER,Shape_Leng,-1,-1,Aqueduct_river_basins_RUVU,Shape_Leng,-1,-1,Aqueduct_river_basins_SALINAS,Shape_Leng,-1,-1,Aqueduct_river_basins_SANTA,Shape_Leng,-1,-1,Aqueduct_river_basins_SOUTH ESK RIVER,Shape_Leng,-1,-1,Aqueduct_river_basins_SURINAME,Shape_Leng,-1,-1,Aqueduct_river_basins_TANO,Shape_Leng,-1,-1,Aqueduct_river_basins_TRANH (NR THU BON),Shape_Leng,-1,-1,Aqueduct_river_basins_TUGELA,Shape_Leng,-1,-1,Aqueduct_river_basins_ULUA,Shape_Leng,-1,-1,Aqueduct_river_basins_UWIMBU,Shape_Leng,-1,-1;Shape_Area "Shape_Area" true false false 19 Double 0 0 ,First,#,Aqueduct_river_basins_ALAZEYA,Shape_Area,-1,-1,Aqueduct_river_basins_BAKER,Shape_Area,-1,-1,Aqueduct_river_basins_BATANG KUANTAN,Shape_Area,-1,-1,Aqueduct_river_basins_BRAHMANI RIVER (BHAHMANI),Shape_Area,-1,-1,Aqueduct_river_basins_BRANTAS,Shape_Area,-1,-1,Aqueduct_river_basins_CANETE,Shape_Area,-1,-1,Aqueduct_river_basins_CONCEPTION,Shape_Area,-1,-1,Aqueduct_river_basins_COPPENAME,Shape_Area,-1,-1,Aqueduct_river_basins_DAMODAR RIVER,Shape_Area,-1,-1,Aqueduct_river_basins_DORING,Shape_Area,-1,-1,Aqueduct_river_basins_DRA,Shape_Area,-1,-1,Aqueduct_river_basins_EEL RIVER (CALIF.),Shape_Area,-1,-1,Aqueduct_river_basins_FUCHUN JIANG,Shape_Area,-1,-1,Aqueduct_river_basins_GALANA,Shape_Area,-1,-1,Aqueduct_river_basins_GILBERT RIVER,Shape_Area,-1,-1,Aqueduct_river_basins_GROOT- KEI,Shape_Area,-1,-1,Aqueduct_river_basins_GROOT-VIS,Shape_Area,-1,-1,Aqueduct_river_basins_HORNADAY RIVER,Shape_Area,-1,-1,Aqueduct_river_basins_HUASCO,Shape_Area,-1,-1,Aqueduct_river_basins_KEM,Shape_Area,-1,-1,Aqueduct_river_basins_KINABATANGAN,Shape_Area,-1,-1,Aqueduct_river_basins_KOUILOU,Shape_Area,-1,-1,Aqueduct_river_basins_KOVDA,Shape_Area,-1,-1,Aqueduct_river_basins_LEICHHARDT RIVER,Shape_Area,-1,-1,Aqueduct_river_basins_LEMPA,Shape_Area,-1,-1,Aqueduct_river_basins_LIMARI,Shape_Area,-1,-1,Aqueduct_river_basins_LOA,Shape_Area,-1,-1,Aqueduct_river_basins_MACARTHUR RIVER,Shape_Area,-1,-1,Aqueduct_river_basins_MAHI RIVER,Shape_Area,-1,-1,Aqueduct_river_basins_MAJES,Shape_Area,-1,-1,Aqueduct_river_basins_MESSALO,Shape_Area,-1,-1,Aqueduct_river_basins_MIRA,Shape_Area,-1,-1,Aqueduct_river_basins_MUCURI,Shape_Area,-1,-1,Aqueduct_river_basins_NIZHNY VYG (SOROKA),Shape_Area,-1,-1,Aqueduct_river_basins_NTEM,Shape_Area,-1,-1,Aqueduct_river_basins_NYONG,Shape_Area,-1,-1,Aqueduct_river_basins_OCONA,Shape_Area,-1,-1,Aqueduct_river_basins_OMOLOY,Shape_Area,-1,-1,Aqueduct_river_basins_ONEGA,Shape_Area,-1,-1,Aqueduct_river_basins_PALENA,Shape_Area,-1,-1,Aqueduct_river_basins_PALYAVAAM,Shape_Area,-1,-1,Aqueduct_river_basins_PATACUA,Shape_Area,-1,-1,Aqueduct_river_basins_POPIGAY,Shape_Area,-1,-1,Aqueduct_river_basins_PRA,Shape_Area,-1,-1,Aqueduct_river_basins_PURARI,Shape_Area,-1,-1,Aqueduct_river_basins_RAPEL,Shape_Area,-1,-1,Aqueduct_river_basins_RIO ACARAU,Shape_Area,-1,-1,Aqueduct_river_basins_RIO RIBEIRA DO IGUAPE,Shape_Area,-1,-1,Aqueduct_river_basins_RIO VAZA-BARRIS,Shape_Area,-1,-1,Aqueduct_river_basins_RUPERT RIVER,Shape_Area,-1,-1,Aqueduct_river_basins_RUVU,Shape_Area,-1,-1,Aqueduct_river_basins_SALINAS,Shape_Area,-1,-1,Aqueduct_river_basins_SANTA,Shape_Area,-1,-1,Aqueduct_river_basins_SOUTH ESK RIVER,Shape_Area,-1,-1,Aqueduct_river_basins_SURINAME,Shape_Area,-1,-1,Aqueduct_river_basins_TANO,Shape_Area,-1,-1,Aqueduct_river_basins_TRANH (NR THU BON),Shape_Area,-1,-1,Aqueduct_river_basins_TUGELA,Shape_Area,-1,-1,Aqueduct_river_basins_ULUA,Shape_Area,-1,-1,Aqueduct_river_basins_UWIMBU,Shape_Area,-1,-1;data_DOC "data_DOC" true false false 50 Text 0 0 ,First,#;data_Q "data_Q" true false false 50 Text 0 0 ,First,#;GRDC "GRDC" true false false 50 Text 0 0 ,First,#;coord_x "coord_x" true false false 19 Double 0 0 ,First,#;coord_y "coord_y" true false false 19 Double 0 0 ,First,#" #</Process><Process ToolSource="c:\program files (x86)\arcgis\desktop10.4\ArcToolbox\Toolboxes\Data Management Tools.tbx\CalculateField" Date="20190808" Time="154815">CalculateField basins_to_oceans data_Q Replace( [data_Q], "xx", "x"  ) VB #</Process><Process ToolSource="c:\program files (x86)\arcgis\desktop10.4\ArcToolbox\Toolboxes\Data Management Tools.tbx\CalculateField" Date="20190808" Time="154849">CalculateField "Available data" data_Q Replace( [data_Q] ,"xx","x" ) VB #</Process><Process ToolSource="c:\program files (x86)\arcgis\desktop10.4\ArcToolbox\Toolboxes\Data Management Tools.tbx\CalculateField" Date="20190808" Time="154916">CalculateField "Available data" data_NO3 Replace( [data_NO3] ," ","" ) VB #</Process></lineage></DataProperties></Esri></metadata>
