<?xml version="1.0" encoding="UTF-8"?>
<metadata xml:lang="en"><Esri><CreaDate>20180411</CreaDate><CreaTime>18155700</CreaTime><ArcGISFormat>1.0</ArcGISFormat><SyncOnce>TRUE</SyncOnce><DataProperties><itemProps><itemLocation><linkage Sync="TRUE">file://\\serv-badet\Users\Clement\Couches\Global\Countries\ne_50m_admin_0_countries</linkage><protocol Sync="TRUE">Local Area Network</protocol></itemLocation></itemProps><copyHistory><copy source="U:\Clement\Couches\Global\ne_50m_admin_0_countries" dest="\\serv-badet\Users\Clement\Couches\Global\Countries\ne_50m_admin_0_countries" date="20161122" time="13014200"></copy></copyHistory></DataProperties></Esri></metadata>
